asset	estimated_return
AAPL	0.015442018647630205
AMZN	0.02806082932797241
GOOGL	0.024096392889820756
META	0.044447206762999146
MSFT	0.02331793030122602
NVDA	0.06863617022774714
