asset	estimated_return
AAPL	0.015442023301929793
AMZN	0.02806082932797241
GOOGL	0.024096391030024072
META	0.044447197669040345
MSFT	0.023317935974534094
NVDA	0.06863616925868296
