asset	estimated_return
AAPL	0.006384750141380726
AMZN	0.025579093661741752
GOOGL	0.017640757154279076
META	0.04703486156959864
MSFT	0.023841806579272512
NVDA	0.06438258368193849
