asset	estimated_return
AAPL	0.015442016444945406
AMZN	0.02806082932797241
GOOGL	0.024096392741853143
META	0.044447197669040345
MSFT	0.023317935590631975
NVDA	0.06863616483084298
