asset	allocation
AAPL	0.265177492841176
GOOGL	0.2540277376290853
AMZN	0.16294532441646228
META	0.31784944511327645
