asset	allocation
AAPL	0.4206670722769664
AMZN	0.10064948312920059
GOOGL	0.26937338684306306
META	1.387778780781446e-17
MSFT	0.20931005775077
NVDA	0.0
