asset	allocation
AAPL	0.40974199192144983
AMZN	0.1363722514137192
GOOGL	0.2501838615724403
META	3.469446951953614e-18
MSFT	0.2037018950923907
NVDA	3.969747225391787e-18
