asset	allocation
AAPL	0.4097415688029717
AMZN	0.13637245557497968
GOOGL	0.2501839621225906
META	6.938893903907228e-18
MSFT	0.2037020134994581
NVDA	0.0
