asset	allocation
AAPL	0.40974177218102414
AMZN	0.13637233869829885
GOOGL	0.25018397550459726
META	0.0
MSFT	0.20370191361607973
NVDA	0.0
